res,atom_name,value
1,H,8.716
1,C,176.360
1,N,120.535
2,C,174.158
2,CA,58.609
2,CB,63.697
2,H,8.366
2,N,117.007
3,C,175.816
3,CA,54.512
3,CB,41.097
3,H,8.440
3,N,122.869
4,C,177.285
4,CA,52.645
4,CB,19.278
4,H,8.189
4,HA,4.270
4,N,124.154
5,C,177.608
5,CA,52.646
5,CB,19.218
5,H,8.317
5,HA,4.285
5,N,123.527
6,C,175.646
6,CA,62.305
6,CB,33.165
6,H,8.129
6,HA,4.077
6,N,119.510
7,C,176.558
7,CA,54.185
7,CB,41.264
7,H,8.546
7,HA,4.712
7,N,124.507
8,C,174.983
8,CA,62.119
8,CB,69.435
8,H,8.371
8,HA,4.384
8,N,115.750
9,C,174.751
9,CA,59.452
9,CB,63.872
9,H,8.514
9,N,118.596
10,CA,58.756
10,CB,63.945
10,H,8.377
10,N,117.856
11,C,176.313
11,CA,56.908
11,CB,30.249
11,H,8.383
11,HA,4.264
11,N,122.834
12,C,176.489
12,CA,61.445
12,CB,38.553
12,H,8.282
12,HA,4.196
12,N,122.330
13,C,174.662
13,CA,62.042
13,CB,70.043
13,H,8.376
13,N,118.600
14,C,174.470
14,CA,62.307
14,CB,69.755
14,H,8.231
14,N,116.785
15,C,175.997
15,CA,57.008
15,CB,33.121
15,H,8.351
15,N,123.752
16,C,176.134
16,CA,54.596
16,CB,41.124
16,H,8.396
16,N,121.413
17,C,177.472
17,CA,55.529
17,CB,42.243
17,H,8.252
17,HA,4.245
17,N,123.160
18,C,176.515
18,CA,56.624
18,CB,32.778
18,H,8.345
18,HA,4.262
18,N,121.703
19,C,176.152
19,CA,56.754
19,CB,30.438
19,H,8.356
19,N,121.753
20,C,176.143
20,CA,56.436
20,CB,33.057
20,H,8.416
20,HA,4.305
20,N,123.403
21,CA,56.389
21,CB,33.301
21,H,8.448
21,N,123.945
22,C,176.042
22,CA,56.650
22,CB,30.363
22,H,8.577
22,N,123.110
23,C,175.856
23,CA,62.551
23,CB,32.991
23,H,8.362
23,HA,4.080
23,N,122.784
24,C,175.867
24,CA,62.340
24,CB,32.906
24,H,8.399
24,HA,4.088
24,N,125.697
25,C,176.178
25,CA,56.650
25,CB,30.509
25,H,8.633
25,HA,4.276
25,N,125.800
26,C,176.939
26,CA,56.669
26,CB,30.484
26,H,8.574
26,HA,4.241
26,N,123.052
27,C,177.747
27,CA,52.707
27,CB,19.330
27,H,8.477
27,N,125.518
28,C,176.373
28,CA,56.659
28,CB,30.530
28,H,8.532
28,N,120.466
29,C,175.742
29,CA,53.647
29,CB,39.101
29,H,8.526
29,N,119.677
30,C,174.180
30,CA,45.752
30,H,8.516
30,N,109.556
31,C,175.994
31,CA,56.396
31,CB,30.963
31,H,8.190
31,HA,4.353
31,N,120.419
32,C,175.287
32,CA,54.414
32,CB,41.147
32,H,8.466
32,N,121.168
33,C,175.173
33,CA,50.770
33,CB,18.249
33,H,8.208
33,N,125.438
34,C,176.676
34,CA,63.114
35,C,177.530
35,CA,52.769
35,CB,19.260
35,H,8.595
35,N,124.915
36,C,175.633
36,CB,38.894
36,H,8.513
36,N,117.900
37,C,173.671
37,CA,45.574
37,H,8.420
37,N,109.438
38,C,174.975
38,CA,53.221
38,CB,39.133
38,H,8.407
38,N,118.836
39,C,177.391
39,CA,52.942
39,CB,19.156
39,H,8.450
39,N,124.759
40,C,175.119
40,CA,53.422
40,CB,38.948
40,H,8.504
40,N,117.677
41,CA,56.729
41,CB,30.271
41,H,8.407
41,N,121.240
42,C,176.206
42,CA,56.633
42,CB,30.179
42,H,8.503
42,N,121.826
43,C,175.635
43,CA,53.469
43,CB,39.170
43,H,8.570
43,N,119.827
44,C,174.011
44,H,8.419
44,N,109.591
45,C,176.369
45,H,8.408
45,N,120.642
46,C,175.834
46,CA,55.806
46,CB,29.804
46,H,8.548
46,HA,4.315
46,N,121.647
47,C,176.085
47,CA,56.682
47,CB,30.420
47,H,8.613
47,N,123.303
48,C,177.243
48,CA,52.621
48,CB,19.579
48,H,8.487
48,HA,4.327
48,N,125.668
49,C,175.822
49,CA,54.375
49,CB,41.209
49,H,8.453
49,N,120.295
50,C,174.950
50,CA,53.323
50,CB,39.348
50,H,8.437
50,HA,4.684
50,N,119.433
51,C,176.120
51,CA,56.547
51,CB,30.291
51,H,8.507
51,HA,4.283
51,N,121.940
52,C,175.497
52,CA,61.971
52,CB,33.318
52,H,8.271
52,HA,4.113
52,N,121.478
53,C,175.958
53,CA,54.325
53,CB,41.375
53,H,8.549
53,HA,4.614
53,N,125.320
54,CB,30.604
54,H,8.531
54,HA,4.284
54,N,122.426
55,C,176.266
55,CA,56.364
55,H,8.572
55,HA,4.281
55,N,122.495
56,CB,30.767
56,H,8.542
56,HA,4.250
56,N,122.994
57,C,176.252
57,H,8.622
57,HA,4.283
57,N,123.386
58,C,176.817
58,CA,56.766
58,CB,30.611
58,H,8.687
58,N,123.577
59,C,174.415
59,CA,45.439
59,H,8.656
59,HA2,3.963
59,N,110.856
60,C,173.955
60,CA,45.146
60,H,8.435
60,HA2,3.985
60,N,109.139
61,H,8.540
61,HA,4.298
61,N,120.609
62,N,122.461
67,C,176.248
67,CA,56.325
67,CB,30.715
67,N,123.670
68,C,176.824
68,CA,56.840
68,CB,30.583
68,H,8.722
68,HA,4.282
68,N,123.708
69,C,173.630
69,CA,45.239
69,H,8.574
69,HA2,4.006
69,N,110.664
70,C,176.772
70,CA,54.420
70,CB,41.654
70,H,8.462
70,HA,4.594
70,N,120.449
71,C,173.977
71,CA,45.432
71,H,8.551
71,HA2,3.953
71,N,109.613
72,C,176.433
72,CA,56.412
72,CB,30.505
72,H,8.410
72,HA,4.306
72,N,120.615
73,C,176.300
73,CA,56.487
73,CB,30.558
73,H,8.643
73,HA,4.274
73,N,122.471
74,C,176.075
74,CA,56.430
74,CB,30.703
74,H,8.608
74,HA,4.296
74,N,122.856
75,C,176.510
75,CA,54.555
75,CB,41.445
75,H,8.599
75,HA,4.583
75,N,122.590
76,C,173.640
76,CA,45.451
76,H,8.469
76,HA2,3.962
76,N,109.711
77,C,176.194
77,CA,54.235
77,CB,41.513
77,H,8.411
77,HA,4.627
77,N,120.741
78,C,176.265
78,CA,56.827
78,CB,30.588
78,H,8.578
78,HA,4.256
78,N,121.553
79,C,176.263
79,H,8.531
79,HA,4.577
79,N,122.115
80,C,176.575
80,H,8.509
80,HA,4.238
80,N,122.360
81,C,176.379
81,CA,56.679
81,CB,30.157
81,H,8.552
81,HA,4.215
81,N,122.148
82,C,178.028
82,CA,52.967
82,CB,19.260
82,H,8.321
82,HA,4.306
82,N,125.453
83,C,176.716
83,CA,57.069
83,CB,30.110
83,H,8.518
83,HA,4.241
83,N,120.272
84,C,174.659
84,CA,58.687
84,CB,63.893
84,H,8.378
84,N,116.752
85,C,178.198
85,CA,53.148
85,CB,19.182
85,H,8.492
85,N,126.366
86,C,175.271
86,CA,62.593
86,CB,69.830
86,H,8.161
86,HA,4.287
86,N,112.227
87,C,173.852
87,CA,45.483
87,H,8.374
87,HA2,3.988
87,N,111.221
88,C,176.472
88,CA,56.434
88,CB,33.248
88,H,8.184
88,N,121.262
89,C,175.927
89,CA,56.056
89,CB,31.025
89,H,8.513
89,HA,4.311
89,N,123.509
90,C,177.430
90,CA,52.643
90,CB,19.242
90,H,8.550
90,HA,4.267
90,N,126.479
91,C,177.901
91,CA,52.817
91,CB,19.318
91,H,8.442
91,HA,4.286
91,N,123.774
92,C,176.207
92,CA,56.881
92,CB,30.153
92,H,8.520
92,HA,4.246
92,N,119.480
93,C,175.800
93,CA,54.558
93,CB,41.306
93,H,8.306
93,HA,4.573
93,N,120.599
94,C,176.152
94,H,8.280
94,HA,4.579
94,N,120.738
95,C,176.107
95,CA,56.617
95,CB,30.477
95,H,8.394
95,N,121.269
96,CA,54.416
96,CB,41.395
96,H,8.475
96,HA,4.581
96,N,121.848
97,C,175.918
97,CA,54.548
97,CB,41.398
97,H,8.393
97,HA,4.559
97,N,121.448
98,C,176.394
98,CA,54.322
98,CB,41.167
98,H,8.423
98,HA,4.606
98,N,121.021
99,C,176.232
99,CA,63.147
99,CB,32.613
99,H,8.074
99,HA,4.019
99,N,120.168
100,C,176.827
100,CA,55.002
100,CB,41.150
100,H,8.506
100,HA,4.666
100,N,122.881
101,C,174.948
101,CA,62.965
101,CB,69.385
101,H,8.103
101,HA,4.189
101,N,115.030
102,C,176.607
102,CA,56.758
102,CB,32.579
102,H,8.279
102,HA,4.230
102,N,123.226
103,C,176.393
103,CA,56.517
103,CB,33.018
103,H,8.206
103,HA,4.298
103,N,122.249
104,C,175.740
104,CA,55.911
104,CB,29.571
104,H,8.444
104,HA,4.284
104,N,122.053
105,C,176.607
105,CA,56.595
105,CB,33.270
105,H,8.522
105,N,123.760
106,C,174.365
106,CA,61.759
106,CB,70.168
106,H,8.506
106,HA,4.472
106,N,115.821
107,C,176.061
107,CA,54.780
107,CB,41.152
107,H,8.490
107,HA,4.602
107,N,122.120
108,C,176.018
108,CA,56.761
108,CB,30.491
108,H,8.343
108,HA,4.293
108,N,120.175
109,C,175.035
109,CA,54.588
109,CB,41.501
109,H,8.596
109,HA,4.628
109,N,121.489
110,C,180.956
110,CA,56.171
110,CB,42.240
110,H,7.993
110,HA,4.322
110,N,126.045
