Rg,file
24.283781382371558,p53n_relaxed_rank_038_alphafold2_ptm_model_1_seed_035
24.46559590397862,p53n_relaxed_rank_025_alphafold2_ptm_model_1_seed_087
23.40343526028574,p53n_relaxed_rank_075_alphafold2_ptm_model_1_seed_089
25.53633201829991,p53n_relaxed_rank_009_alphafold2_ptm_model_1_seed_065
25.008692484005632,p53n_relaxed_rank_002_alphafold2_ptm_model_1_seed_054
27.206782895631072,p53n_relaxed_rank_024_alphafold2_ptm_model_1_seed_033
25.02194400350512,p53n_relaxed_rank_018_alphafold2_ptm_model_1_seed_023
23.998749617568553,p53n_relaxed_rank_013_alphafold2_ptm_model_1_seed_034
26.840194676923208,p53n_relaxed_rank_068_alphafold2_ptm_model_1_seed_073
24.41123209604022,p53n_relaxed_rank_086_alphafold2_ptm_model_1_seed_014
23.70695367349471,p53n_relaxed_rank_059_alphafold2_ptm_model_1_seed_037
25.216732897529692,p53n_relaxed_rank_005_alphafold2_ptm_model_1_seed_004
25.488461678533888,p53n_relaxed_rank_031_alphafold2_ptm_model_1_seed_095
24.492324528563326,p53n_relaxed_rank_030_alphafold2_ptm_model_1_seed_010
27.43831427959686,p53n_relaxed_rank_091_alphafold2_ptm_model_1_seed_083
24.778961733390748,p53n_relaxed_rank_027_alphafold2_ptm_model_1_seed_059
24.159541246805805,p53n_relaxed_rank_035_alphafold2_ptm_model_1_seed_000
24.499103521853076,p53n_relaxed_rank_012_alphafold2_ptm_model_1_seed_015
25.879680517504493,p53n_relaxed_rank_070_alphafold2_ptm_model_1_seed_048
21.950960301339105,p53n_relaxed_rank_072_alphafold2_ptm_model_1_seed_030
26.901113345214153,p53n_relaxed_rank_044_alphafold2_ptm_model_1_seed_085
25.65501074636749,p53n_relaxed_rank_010_alphafold2_ptm_model_1_seed_092
25.99896584554875,p53n_relaxed_rank_071_alphafold2_ptm_model_1_seed_040
24.88097675465397,p53n_relaxed_rank_067_alphafold2_ptm_model_1_seed_050
26.667384925143864,p53n_relaxed_rank_041_alphafold2_ptm_model_1_seed_070
27.403412887716208,p53n_relaxed_rank_062_alphafold2_ptm_model_1_seed_017
25.659144440547934,p53n_relaxed_rank_004_alphafold2_ptm_model_1_seed_047
24.73836961817568,p53n_relaxed_rank_011_alphafold2_ptm_model_1_seed_003
23.022180271674948,p53n_relaxed_rank_087_alphafold2_ptm_model_1_seed_020
24.04594360800605,p53n_relaxed_rank_037_alphafold2_ptm_model_1_seed_079
23.877539141234767,p53n_relaxed_rank_045_alphafold2_ptm_model_1_seed_038
24.411884987115446,p53n_relaxed_rank_042_alphafold2_ptm_model_1_seed_013
24.733439884739862,p53n_relaxed_rank_054_alphafold2_ptm_model_1_seed_075
24.590918554376742,p53n_relaxed_rank_077_alphafold2_ptm_model_1_seed_029
24.596415217036263,p53n_relaxed_rank_032_alphafold2_ptm_model_1_seed_072
24.88827303924441,p53n_relaxed_rank_016_alphafold2_ptm_model_1_seed_082
24.07928900876882,p53n_relaxed_rank_029_alphafold2_ptm_model_1_seed_061
26.56326896298227,p53n_relaxed_rank_088_alphafold2_ptm_model_1_seed_052
27.06822682337948,p53n_relaxed_rank_050_alphafold2_ptm_model_1_seed_018
25.633829649626474,p53n_relaxed_rank_033_alphafold2_ptm_model_1_seed_024
25.03736085206702,p53n_relaxed_rank_056_alphafold2_ptm_model_1_seed_080
25.587737555661036,p53n_relaxed_rank_076_alphafold2_ptm_model_1_seed_074
25.326031664051737,p53n_relaxed_rank_017_alphafold2_ptm_model_1_seed_099
24.096513083185048,p53n_relaxed_rank_036_alphafold2_ptm_model_1_seed_021
24.55618617890008,p53n_relaxed_rank_046_alphafold2_ptm_model_1_seed_078
24.92049763691444,p53n_relaxed_rank_039_alphafold2_ptm_model_1_seed_025
22.22590911722674,p53n_relaxed_rank_047_alphafold2_ptm_model_1_seed_096
23.304706143717752,p53n_relaxed_rank_065_alphafold2_ptm_model_1_seed_055
25.448233590209618,p53n_relaxed_rank_082_alphafold2_ptm_model_1_seed_081
25.807637956375007,p53n_relaxed_rank_089_alphafold2_ptm_model_1_seed_069
22.940250245973832,p53n_relaxed_rank_093_alphafold2_ptm_model_1_seed_067
25.727879432039376,p53n_relaxed_rank_003_alphafold2_ptm_model_1_seed_022
25.15722034946713,p53n_relaxed_rank_014_alphafold2_ptm_model_1_seed_045
22.969697820674664,p53n_relaxed_rank_096_alphafold2_ptm_model_1_seed_057
25.738238659633403,p53n_relaxed_rank_052_alphafold2_ptm_model_1_seed_046
25.7422537095264,p53n_relaxed_rank_001_alphafold2_ptm_model_1_seed_086
26.065178531906934,p53n_relaxed_rank_094_alphafold2_ptm_model_1_seed_002
24.740671134010462,p53n_relaxed_rank_084_alphafold2_ptm_model_1_seed_036
24.946176424672604,p53n_relaxed_rank_022_alphafold2_ptm_model_1_seed_031
24.625506115969998,p53n_relaxed_rank_040_alphafold2_ptm_model_1_seed_027
23.56215179030691,p53n_relaxed_rank_078_alphafold2_ptm_model_1_seed_012
26.917918570346124,p53n_relaxed_rank_060_alphafold2_ptm_model_1_seed_042
25.598000169969527,p53n_relaxed_rank_098_alphafold2_ptm_model_1_seed_005
23.068441473376552,p53n_relaxed_rank_085_alphafold2_ptm_model_1_seed_008
27.21385606338605,p53n_relaxed_rank_026_alphafold2_ptm_model_1_seed_001
25.205090841694673,p53n_relaxed_rank_081_alphafold2_ptm_model_1_seed_097
25.318454980757863,p53n_relaxed_rank_058_alphafold2_ptm_model_1_seed_091
24.554349891191855,p53n_relaxed_rank_023_alphafold2_ptm_model_1_seed_007
24.786798811120644,p53n_relaxed_rank_073_alphafold2_ptm_model_1_seed_077
24.864164579259494,p53n_relaxed_rank_055_alphafold2_ptm_model_1_seed_043
27.799502436605724,p53n_relaxed_rank_074_alphafold2_ptm_model_1_seed_093
25.14118580420594,p53n_relaxed_rank_100_alphafold2_ptm_model_1_seed_039
24.14124315333497,p53n_relaxed_rank_034_alphafold2_ptm_model_1_seed_062
23.684588388920645,p53n_relaxed_rank_015_alphafold2_ptm_model_1_seed_084
25.230776616594017,p53n_relaxed_rank_007_alphafold2_ptm_model_1_seed_088
26.985371614868058,p53n_relaxed_rank_092_alphafold2_ptm_model_1_seed_028
25.34762535578102,p53n_relaxed_rank_020_alphafold2_ptm_model_1_seed_068
26.11595495397085,p53n_relaxed_rank_019_alphafold2_ptm_model_1_seed_041
25.13867039373963,p53n_relaxed_rank_069_alphafold2_ptm_model_1_seed_076
25.70766899764982,p53n_relaxed_rank_095_alphafold2_ptm_model_1_seed_064
24.373557911138878,p53n_relaxed_rank_021_alphafold2_ptm_model_1_seed_019
24.309106811065067,p53n_relaxed_rank_048_alphafold2_ptm_model_1_seed_053
25.256606547702404,p53n_relaxed_rank_099_alphafold2_ptm_model_1_seed_066
26.137025333946585,p53n_relaxed_rank_066_alphafold2_ptm_model_1_seed_009
24.983667328102932,p53n_relaxed_rank_057_alphafold2_ptm_model_1_seed_051
25.59832457415648,p53n_relaxed_rank_064_alphafold2_ptm_model_1_seed_094
24.909187507720514,p53n_relaxed_rank_053_alphafold2_ptm_model_1_seed_071
23.542482183528772,p53n_relaxed_rank_049_alphafold2_ptm_model_1_seed_044
23.179495383810703,p53n_relaxed_rank_079_alphafold2_ptm_model_1_seed_098
24.33522740749461,p53n_relaxed_rank_028_alphafold2_ptm_model_1_seed_060
24.678822519278995,p53n_relaxed_rank_063_alphafold2_ptm_model_1_seed_056
23.71405141981043,p53n_relaxed_rank_090_alphafold2_ptm_model_1_seed_049
28.27306930716893,p53n_relaxed_rank_061_alphafold2_ptm_model_1_seed_006
25.063092547714348,p53n_relaxed_rank_051_alphafold2_ptm_model_1_seed_090
25.3994518426744,p53n_relaxed_rank_080_alphafold2_ptm_model_1_seed_026
24.53884906334997,p53n_relaxed_rank_008_alphafold2_ptm_model_1_seed_032
25.52296411578051,p53n_relaxed_rank_006_alphafold2_ptm_model_1_seed_011
23.07895869726568,p53n_relaxed_rank_097_alphafold2_ptm_model_1_seed_016
23.504550045761537,p53n_relaxed_rank_083_alphafold2_ptm_model_1_seed_063
27.355389241564566,p53n_relaxed_rank_043_alphafold2_ptm_model_1_seed_058
